{"initial_reset_timestamp": 1576790014.651922, "timestamps": [1576790016.518943], "episode_lengths": [11], "episode_rewards": [11.0], "episode_types": ["t"]}