{"initial_reset_timestamp": 1576790584.985725, "timestamps": [1576790593.934777], "episode_lengths": [200], "episode_rewards": [200.0], "episode_types": ["t"]}